{
  "baseline": [
    {
      "model": "Logistic Regression",
      "kind": "sklearn",
      "accuracy": 0.516,
      "roc_auc": 0.5257292690921009,
      "precision": 0.10136986301369863,
      "recall": 0.5138888888888888,
      "f1": 0.16933638443935928,
      "train_time_sec": 1.2469727993011475,
      "resource": "CPU \u2013 low",
      "threshold": 0.5
    },
    {
      "model": "Random Forest",
      "kind": "sklearn",
      "accuracy": 0.904,
      "roc_auc": 0.44920722713864314,
      "precision": 0.0,
      "recall": 0.0,
      "f1": 0.0,
      "train_time_sec": 0.35026025772094727,
      "resource": "CPU \u2013 medium",
      "threshold": 0.5
    },
    {
      "model": "Neural Network (MLP - sklearn)",
      "kind": "sklearn",
      "accuracy": 0.8733333333333333,
      "roc_auc": 0.4732259914782039,
      "precision": 0.12903225806451613,
      "recall": 0.05555555555555555,
      "f1": 0.07766990291262135,
      "train_time_sec": 2.3373138904571533,
      "resource": "CPU \u2013 medium/high",
      "threshold": 0.5
    },
    {
      "model": "Neural Network (MLP - Keras)",
      "kind": "keras",
      "accuracy": 0.904,
      "roc_auc": 0.5381637168141593,
      "precision": 0.0,
      "recall": 0.0,
      "f1": 0.0,
      "train_time_sec": 3.3656771183013916,
      "resource": "GPU \u2013 high (TensorFlow / Metal)",
      "threshold": 0.5
    }
  ],
  "improved_best_sklearn": {
    "model": "Logistic Regression",
    "kind": "sklearn",
    "baseline": {
      "threshold": 0.5,
      "accuracy": 0.5293333333333333,
      "roc_auc": 0.559857423795477,
      "precision": 0.10863509749303621,
      "recall": 0.5416666666666666,
      "f1": 0.18097447795823665
    },
    "improved": {
      "threshold": 0.4,
      "accuracy": 0.12,
      "roc_auc": 0.559857423795477,
      "precision": 0.09726027397260274,
      "recall": 0.9861111111111112,
      "f1": 0.1770573566084788
    }
  }
}